CAPP,EAPP,NAPP,SAPP,WAPP
12.69403229,35.6035659,4.180098252,38.93794323,21.73095862
14.38029866,44.50111041,4.875636567,47.82623018,28.47319506
